{
    "mse": 0.13369412183061852,
    "mse_variance": 0.012245025900066852,
    "inter_chain_mse_variance": 1.749367991665435e-08
}